phrase,word
may be suppressed from the,the
in the middle of the,be
on the other side of,of
suppressed from the eBook and,and
in whole or in part,in
I do not want to,to
for the first time in,for
you do not have to,have
as in the case of,as
I do not know what,not
For more information on this,on
had nothing to do with,with
in any form or by,by
it should be noted that,it
any form or by any,or
and at the same time,at
I do not know how,do
content may be suppressed from,from
he did not want to,he
in such a way that,that
This page intentionally left blank,this
the extent to which the,which
all the way to the,all
but at the same time,but
can be found in the,can
she closed her eyes and,her
the rest of his life,his
more information on this research,more
is one of the most,one
colleagues published their study in,their
they do not want to,they
We update eBooks quarterly and,we
you do not want to,you
what are you talking about,about
it is also important to,also
she looked up at him,him
I do not know if,if
to be taken into account,into
because of its,its
to make sure that the,make
third party content may be,may
at the other end of,other
turned out to be a,out
not know what to say,say
information on this research see,see
she did not want to,she
I do not think so,so
some third party content may,some
in such a way as,such
it did not take long,take
wanted nothing more than to,than
between the two of them,them
there are a number of,there
one of these,these
at any time if subsequent,time
there are two types of,two
THE EXCLUSIVE RIGHT TO USE,use
did not know what to,what
when it comes to the,when
I do not know who,who
will not be able to,will
would not be able to,would
review has deemed that any,any
Go to the next page,go
I do not know why,know
the rest of my life,my
was not the only one,only
the end of the year,year
between the United States and,between
to come up with a,come
for the first time since,first
I will give you a,give
it 's a good thing,good
a man and a woman,man
do you want me to,me
one of the most important,most
No part of this book,no
you should be able to,should
the rest of your life,your
to find a way to,find
to get out of here,get
there are many,many
Our news journalists obtained a,our
from all over the world,over
stored in a retrieval system,system
for a moment and then,then
a hand through his hair,through
he looked up at the,up
in the same way as,way
after the Second World War,after
because I do not,because
to become a,become
on both sides of,both
of the child,child
the end of the day,day
at the end of each,each
I do not even know,even
the rest of her life,life
I would like to thank,like
it must have been,must
People 's Republic of China,people
while at the same time,same
I do not think I,think
it was one of those,those
for a very long time,very
as well as in the,well
I do not know where,where
it was not long before,before
I will call,call
a great deal of,great
a group of,group
did not know how to,how
I just do not know,just
a large number of,large
in much the same way,much
every now and then,now
increase in the number of,number
of his own,own
part of this book may,part
the problem of,problem
to provide a,provide
to show that,show
State University of New York,state
One Chapter Two Chapter Three,three
under the influence of,under
the rest of us,us
a woman who,woman
is a work of fiction,work
against the wall,against
of the American Academy of,American
in one way or another,another
in the area of,area
to go back to the,back
a change in the,change
country comparison to the world,country
different types of,different
he looked down at the,down
but no employees during mid,during
the effect of,effect
is an example of a,example
as a matter of fact,fact
the rest of the family,family
in the form of a,form
on the one hand and,hand
it is important to note,important
did not want to leave,leave
at the level of,level
for a little while,little
take a look at the,look
I did not mean to,mean
I might be able to,might
University of New York Press,new
the old man,old
in order to be able,order
a person who,person
in the first place,place
the point of view of,point
the power of,power
in the process of,process
as a result of this,result
did not seem to be,seem
the small of her back,small
of Personality and Social Psychology,social
he was still,still
and colleagues published their study,study
I can not tell you,tell
of the term,term
the right thing to do,thing
but it was too late,too
the value of,value
I did not want to,want
every once in a while,while
within the context of,within
without claim to any particular,without
did not say a word,word
the rest of the world,world
over and over again,again
had always been,always
does not appear to be,appear
her arms around his neck,around
to ask you,ask
at the base of,base
of the body,body
of this book may be,book
could not bring herself to,bring
in the case of a,case
to consider the,consider
for Disease Control and Prevention,control
in the course of a,course
to create a,create
to describe the,describe
to develop a,develop
in the development of,development
at the end of a,end
could not help but feel,feel
was one of the few,few
as a function of,function
in general the,general
the federal government,government
I could not help but,help
what are you doing here,here
to go home,home
however the,however
of Health and Human Services,human
of the individual,individual
that additional information may be,information
interest in the,interest
to keep an eye on,keep
not remember the last time,last
a few minutes later,later
of the law,law
can lead to,lead
more or less,less
other end of the line,line
a long period of time,long
a member of,member
in the name of Jesus,name
would never be able to,never
off to the,off
it is often,often
per cent of,per
percent of the,percent
a short period of time,period
it is not possible to,possible
to produce a,produce
to the public,public
put his arm around her,put
the concepts in this question,question
the rate of,rate
rather than the,rather
if subsequent rights restrictions require,require
Learning reserves the right to,right
in the second half of,second
a set of,set
the side of the road,side
been a long time since,since
to try to,try
the turn of the century,turn
the type of,type
it was not until the,until
from the point of view,view
of the water,water
had not been able to,able
of the above,above
to take into account the,account
at the age of,age
it was almost as if,almost
along with the,along
the amount of,amount
the analysis of,analysis
approach to the,approach
book is available from the,available
to get away from,away
on the basis of a,basis
I can not believe you,believe
is available from the British,British
to build a,build
business and investment opportunities information,business
to carry out,carry
the cause of,cause
half of the twentieth century,century
of this chapter is to,chapter
the character of,character
in New York City,city
it is clear that the,clear
close to the,close
one of the most common,common
of the community,community
of the company,company
This report may contain copyrighted,contain
will continue to,continue
the cost of,cost
the Supreme Court,court
the death of,death
to determine the,determine
the difference between the,difference
due to the fact that,due
in the early stages of,early
in an effort to,effort
on either side of her,either
Parallel Bible Halseth English,English
long enough to,enough
especially in the,especially
to establish a,establish
in the event of a,event
I have ever,ever
there is no evidence that,evidence
did not expect,expect
affect the overall learning experience,experience
to explain the,explain
the corner of his eye,eye
the look on his face,face
the fall of,fall
at the far end of,far
primary bibliographic entry see Field,field
Three Chapter Four Chapter Five,five
the foot of the bed,foot
Two Chapter Three Chapter Four,four
a friend of,friend
was full of,full
in the future,future
the growth of,growth
what 's going to happen,happen
the back of his head,head
Department of Health and Human,health
do not want to hear,hear
at the heart of,heart
could not bring himself to,himself
in the history of,history
an hour and a half,hour
the back of the house,house
I had no idea what,idea
here to view code image,image
an increase in the,increase
the issue of,issue
a kind of,kind
knowledge of the,knowledge
of the land,land
the language of,language
at the very least,least
was not going to let,let
to live in,live
of the local,local
said in a low voice,low
of the major,major
report may contain copyrighted material,material
only a matter of time,matter
to meet the needs of,meet
if you do not mind,mind
the end of the month,month
her mother had,mother
did not move,move
the National Academy of Sciences,national
of the nature of,nature
it is not necessary to,necessary
you do not need to,need
the next page if you,next
the middle of the night,night
is important to note that,note
has nothing to do with,nothing
the object of,object
once in a while,once
in this paper,paper
in particular the,particular
some third party content,party
And it came to pass,pass
to pay for,pay
play an important role in,play
of the population,population
in a position to,position
the practice of,practice
in the present,present
the price of,price
the principle of,principle
product of the author 's,product
the production of,production
of the project,project
for the purpose of,purpose
the quality of,quality
to reach the,reach
I really do not know,really
there is no reason to,reason
to reduce the,reduce
refer to the,refer
in the region,region
in relation to the,relation
the relationship between the,relationship
report that additional information may,report
a quote from the research,research
in response to the,response
to return to the,return
an important role in the,role
the middle of the room,room
the rule of,rule
in the long run,run
in the next section,section
in the sense that it,sense
serve as a,serve
there are several,several
as we shall see,shall
a short time,short
similar to that of,similar
of a single,single
the site of,site
of the situation,situation
had something to do with,something
the source of,source
to speak to,speak
THE MARK CONSISTS OF STANDARD,standard
at the start of,start
the story of,story
the structure of,structure
the subject of,subject
suggest that the,suggest
to support the,support
on the surface of,surface
the theory of,theory
therefore the,therefore
even though the,though
Thus the,thus
together with the,together
the total number of,total
towards the end of the,towards
in the treatment of,treatment
it is true that,TRUE
it is important to understand,understand
of the various,various
the end of the war,war
the end of the week,week
the White House,white
in whole or in,whole
why did not you tell,why
had not yet,yet
the young man,young
the ability to,ability
across the room,across
the act of,act
in addition to the,addition
content does not materially affect,affect
in the air,air
alone in the,alone
you knew the correct answer,answer
have anything to do with,anything
the application of,application
the art of,art
aspect of the,aspect
assume that the,assume
in an attempt to,attempt
attention to the,attention
of the author 's imagination,author
in order to avoid,avoid
closed the door behind him,behind
below to further research the,below
for the benefit of,benefit
beyond the scope of this,beyond
of the building,building
got out of the car,car
I do not care what,care
cent of the,cent
the centre of,centre
had no choice but to,choice
of the church,church
no claim is made to,claim
the concept of,concept
in the context of a,context
of the current,current
took a deep breath and,deep
the degree to which the,degree
depend on the,depend
the design of,design
it is difficult to,difficult
in the direction of,direction
a discussion of,discussion
Centers for Disease Control and,disease
the distribution of,distribution
a knock on the door,door
it is easy to see,easy
not know what else to,else
to enter the,enter
of the European,European
the expression of,expression
to the extent that the,extent
to figure out how to,figure
in the final,final
in front of him and,front
the little girl,girl
the goal of,goal
on the ground,ground
in the first half of,half
it was hard to tell,hard
to identify the,identify
the importance of,importance
the influence of,influence
instance the,instance
International Journal of,international
Research References West 's Key,key
in the late nineteenth century,late
the length of,length
in the light of,light
are more likely to be,likely
a list of,list
the loss of,loss
there are a lot of,lot
I 'd love to,love
one of the main,main
the management of,management
a measure of,measure
the memory of,memory
not to mention,mention
in the middle of a,middle
for a minute,minute
was silent for a moment,moment
first thing in the morning,morning
of the nation,nation
office of the,office
open the door,open
the opportunity to,opportunity
of the original,original
outside of the,outside
to the next page if,page
in the past,past
the performance of,performance
a picture of,picture
a piece of,piece
the possibility of,possibility
the potential for,potential
in the presence of a,presence
to prevent the,prevent
For primary bibliographic entry see,primary
in a wide range of,range
in recent years,recent
record for this book is,record
reference to the,reference
with regard to the,regard
relative to the,relative
it is important to remember,remember
with respect to the,respect
the rise of,rise
the risk of,risk
in a series of,series
the size of a,size
the son of,son
as soon as I can,soon
the Soviet Union,Soviet
to spend the rest of,spend
the status of,status
the next step is to,step
could not stop,stop
the success of,success
I 'm not sure I,sure
the table in front of,table
not want to talk about,talk
the task of,task
third party content may,third
can be thought of as,thought
the top of the stairs,top
of the town,town
to tell you the truth,truth
in a variety of ways,variety
the sound of his voice,voice
I can not wait to,wait
on the wall,wall
a wide range of,wide
and his wife,wife
According to the news editors,according
to take advantage of,advantage
could not bear,bear
the edge of the bed,bed
in connection with the,connection
the date of,date
to deal with the,deal
the definition of,definition
in the distance,distance
of the entire,entire
equal to the,equal
to focus on the,focus
to further research the concepts,further
I hope you do not,hope
to improve the,improve
instead of the,instead
analytical business and investment,investment
to join the,join
in the literature,literature
in the same manner as,manner
the meaning of,meaning
the reality of,reality
is related to the,related
side of the road,road
of the Holy Spirit,spirit
Staff News Editor at,staff
to stay in,stay
the strength of,strength
any particular font style,style
an understanding of,understanding
daily based on user feedback,user
the weight of,weight
out of the window,window
access to the,access
any resemblance to actual persons,actual
the right to remove additional,additional
to address the,address
in charge of,charge
a collection of,collection
as a consequence of,consequence
the construction of,construction
Publisher contact information for the,contact
that any suppressed content does,content
contribute to the,contribute
in the dark,dark
persons living or dead,dead
description of the,description
the existence of a,existence
finally the,finally
I 'm fine,fine
on the floor and,floor
the flow of,flow
the impact of,impact
indeed the,indeed
the inside of,inside
due to the lack of,lack
the location of,location
the vast majority of,majority
I do not wish to,wish
permission in writing from the,writing
the European Union,union
down the street,street
that sort of thing,sort
there was no sign of,sign
of the sea,sea
the rest of the day,rest
reserves the right to remove,remove
one of the most popular,popular
in the previous,previous
to protect the,protect
the provision of,provision
as quickly as,quickly
the ratio of,ratio
was a long time ago,ago
his arm around her,arm
at the beginning of this,beginning
Commission Motor Carrier Board,board
of the brain,brain
had a chance to,chance
Click here to view code,code
a combination of,combination
